flow_acc,flow_dir,gridmet_pr,gridmet_pr_3days,gridmet_pr_5days,gridmet_pr_7days,GSW,hand,rt_72h_max,rt_72h_mean,sm_t0,sm_tm24_tm0,sm_tm48_tm24,sm_tm72_tm48,streamflow
267776.0,267776.0,267776.0,267776.0,267776.0,267776.0,267776.0,267776.0,267776.0,267776.0,267776.0,267776.0,267776.0,267776.0,267776.0
2479.81591796875,28.873268127441406,2.2798683643341064,26.6201229095459,61.62961196899414,356.2932434082031,5.760944843292236,11.187654495239258,0.8794291019439697,0.28023701906204224,36.065372467041016,36.66924285888672,37.27811813354492,37.315101623535156,17.7233943939209
40072.66796875,18.72722816467285,12.212788581848145,47.832672119140625,74.48590850830078,214.84521484375,19.387636184692383,13.174495697021484,2.452970504760742,1.6838176250457764,16.340267181396484,16.20363426208496,16.03315544128418,16.02345848083496,220.8499755859375
1.306249976158142,1.0,0.0,0.0,0.0,0.0,0.0,0.0,0.0,0.0,7.0,7.0,8.0,8.0,0.0
3.3968762159347534,13.61252236366272,0.0,0.0,6.0,218.0,0.0,2.6989448070526123,0.0,0.0,29.0,29.0,30.0,30.0,0.014959958847612143
9.448290824890137,25.43514060974121,0.0,4.0,37.0,360.0,0.001098370470572263,7.433405637741089,0.0,0.0,33.0,34.0,35.0,35.0,0.10608626902103424
50.41252899169922,40.837162017822266,0.0,31.0,83.0,492.0,0.22544046863913536,15.188873767852783,1.0,0.11999999731779099,37.0,38.0,38.0,38.0,0.6380878984928131
1703060.25,128.0,106.0,347.0,580.0,1314.0,98.59581756591797,230.2506103515625,339.0,330.4800109863281,100.0,100.0,100.0,100.0,15358.3408203125
