flow_acc,flow_dir,gridmet_pr,gridmet_pr_3days,gridmet_pr_5days,gridmet_pr_7days,GSW,hand,rt_72h_max,rt_72h_mean,sm_t0,sm_tm24_tm0,sm_tm48_tm24,sm_tm72_tm48,streamflow
284160.0,284160.0,284160.0,284160.0,284160.0,284160.0,284160.0,284160.0,284160.0,284160.0,284160.0,284160.0,284160.0,284160.0,284160.0
367.07415771484375,16.17911148071289,2.6519601345062256,177.27244567871094,416.98480224609375,470.13995361328125,13.461749076843262,48.94545364379883,0.760856568813324,0.22966934740543365,48.378517150878906,48.73377227783203,48.689781188964844,47.8960075378418,8.65804672241211
12635.91796875,21.341947555541992,10.297538757324219,307.0440979003906,708.8133544921875,833.30859375,33.386409759521484,104.71790313720703,2.655324697494507,1.1276885271072388,38.21231460571289,38.04670715332031,38.22190856933594,38.61803436279297,148.38864135742188
0.0,0.0,0.0,0.0,0.0,0.0,0.0,0.0,0.0,0.0,0.0,0.0,0.0,0.0,0.0
0.0,0.0,0.0,0.0,0.0,0.0,0.0,0.0,0.0,0.0,21.0,21.0,20.0,18.0,0.0
2.397579789161682,6.847264528274536,0.0,5.0,7.0,7.0,0.0,0.0,0.0,0.0,32.0,33.0,34.0,32.0,0.0
13.617071390151978,26.88972806930542,0.0,244.0,582.0,589.0,0.0004895259626209736,54.96728038787842,0.0,0.0,100.0,100.0,100.0,100.0,0.018893998581916094
1318947.375,128.0,231.0,3275.0,5861.0,6612.0,100.0,2265.583251953125,184.0,123.63999938964844,100.0,100.0,100.0,100.0,9622.30859375
