flow_acc,flow_dir,gridmet_pr,gridmet_pr_3days,gridmet_pr_5days,gridmet_pr_7days,GSW,hand,rt_72h_max,rt_72h_mean,sm_t0,sm_tm24_tm0,sm_tm48_tm24,sm_tm72_tm48,streamflow
284160.0,284160.0,284160.0,284160.0,284160.0,284160.0,284160.0,284160.0,284160.0,284160.0,284160.0,284160.0,284160.0,284160.0,284160.0
14895.1162109375,26.96527099609375,0.6674268245697021,435.7400207519531,546.2903442382812,1037.787109375,2.9830079078674316,14.974836349487305,7.469668388366699,2.9647669792175293,39.599796295166016,39.94597625732422,39.31315612792969,38.51463317871094,79.44005584716797
188676.140625,17.864946365356445,6.3703765869140625,342.6618957519531,423.27880859375,497.5823669433594,14.134554862976074,18.031885147094727,13.792254447937012,6.8825483322143555,10.007306098937988,10.025322914123535,10.108237266540527,10.218263626098633,730.6675415039062
0.0,0.0,0.0,0.0,0.0,0.0,0.0,0.0,0.0,0.0,15.0,14.0,14.0,14.0,0.0
3.024517834186554,12.488004684448242,0.0,179.0,208.0,708.0,0.0,3.8515912294387817,1.0,0.03999999910593033,35.0,35.0,35.0,34.0,0.05684256087988615
8.370121002197266,23.361377716064453,0.0,304.0,382.0,1015.0,0.0036840495886281133,9.661176204681396,3.0,0.7599999904632568,38.0,38.0,38.0,37.0,0.3754938840866089
46.92364025115967,38.573740005493164,0.0,672.0,849.0,1430.0,0.11978123523294926,19.644253253936768,8.0,2.440000057220459,42.0,42.0,41.0,40.0,2.354233741760254
4811761.5,118.17501068115234,146.0,2007.0,2390.0,2753.0,100.0,391.45709228515625,422.0,372.9200134277344,100.0,100.0,100.0,100.0,18959.37890625
