flow_acc,flow_dir,gridmet_pr,gridmet_pr_3days,gridmet_pr_5days,gridmet_pr_7days,GSW,hand,rt_72h_max,rt_72h_mean,sm_t0,sm_tm24_tm0,sm_tm48_tm24,sm_tm72_tm48,streamflow
284160.0,284160.0,284160.0,284160.0,284160.0,284160.0,284160.0,284160.0,284160.0,284160.0,284160.0,284160.0,284160.0,284160.0,284160.0
14895.1162109375,26.96527099609375,1.3645727634429932,17.091571807861328,264.892822265625,480.90771484375,2.9830079078674316,14.974836349487305,3.7525689601898193,1.5354564189910889,34.552120208740234,34.85813522338867,35.775333404541016,36.2100944519043,259.0112609863281
188676.140625,17.864946365356445,3.979200601577759,28.196367263793945,225.80416870117188,479.010009765625,14.134554862976074,18.031885147094727,10.007513046264648,6.344261169433594,11.609302520751953,11.49398136138916,11.342205047607422,11.554801940917969,3040.809326171875
0.0,0.0,0.0,0.0,0.0,0.0,0.0,0.0,0.0,0.0,10.0,10.0,10.0,10.0,0.0
3.024517834186554,12.488004684448242,0.0,0.0,83.0,112.0,0.0,3.8515912294387817,0.0,0.0,29.0,30.0,31.0,31.0,0.009806287009268999
8.370121002197266,23.361377716064453,0.0,0.0,209.0,253.0,0.0036840495886281133,9.661176204681396,1.0,0.03999999910593033,35.0,35.0,36.0,36.0,0.06953582167625427
46.92364025115967,38.573740005493164,0.0,27.0,380.0,822.0,0.11978123523294926,19.644253253936768,3.0,1.0,38.0,38.0,39.0,40.0,0.4972573518753052
4811761.5,118.17501068115234,55.0,157.0,1104.0,2182.0,100.0,391.45709228515625,740.0,718.280029296875,100.0,100.0,100.0,100.0,83490.546875
