flow_acc,flow_dir,gridmet_pr,gridmet_pr_3days,gridmet_pr_5days,gridmet_pr_7days,GSW,hand,rt_72h_max,rt_72h_mean,sm_t0,sm_tm24_tm0,sm_tm48_tm24,sm_tm72_tm48,streamflow
224256.0,224256.0,224256.0,224256.0,224256.0,224256.0,224256.0,224256.0,224256.0,224256.0,224256.0,224256.0,224256.0,224256.0,224256.0
7296.98388671875,27.31743049621582,12.107778549194336,300.09149169921875,365.59820556640625,391.0213623046875,0.6004590392112732,27.035402297973633,4.369417190551758,1.468156099319458,38.065242767333984,36.237144470214844,35.427127838134766,35.56159210205078,87.69831085205078
120191.7421875,17.17022705078125,38.80640411376953,108.54789733886719,126.89134216308594,132.43893432617188,4.445326328277588,32.67622756958008,8.265676498413086,5.561485767364502,6.1873602867126465,6.589942932128906,6.62991189956665,6.595022678375244,1000.5308837890625
1.3206123113632202,1.0817077159881592,0.0,86.0,91.0,158.0,0.0,0.0,0.0,0.0,12.0,12.0,12.0,12.0,0.0
3.180355191230774,13.199877500534058,0.0,217.0,275.0,294.0,0.0,8.108680725097656,1.0,0.03999999910593033,36.0,33.0,32.0,32.0,0.05128934606909752
8.83527946472168,24.194790840148926,0.0,288.0,342.0,361.0,0.0,16.76115608215332,2.0,0.23999999463558197,38.0,37.0,36.0,36.0,0.23379763960838318
46.14341640472412,38.63557529449463,5.0,367.0,435.0,466.0,0.005261236801743507,32.2717170715332,5.0,1.440000057220459,41.0,40.0,39.0,39.0,1.3948713541030884
4409091.0,119.07180786132812,334.0,858.0,865.0,1011.0,98.78683471679688,468.65338134765625,1110.0,1091.1199951171875,100.0,100.0,100.0,100.0,32357.958984375
