flow_acc,flow_dir,gridmet_pr,gridmet_pr_3days,gridmet_pr_5days,gridmet_pr_7days,GSW,hand,rt_72h_max,rt_72h_mean,sm_t0,sm_tm24_tm0,sm_tm48_tm24,sm_tm72_tm48,streamflow
48676.0,48676.0,48676.0,48676.0,48676.0,48676.0,48676.0,48676.0,48676.0,48676.0,48676.0,48676.0,48676.0,48676.0,48676.0
151.0117950439453,16.292591094970703,0.017750021070241928,11.186108589172363,41.61857986450195,84.52580261230469,43.07039260864258,2.531189203262329,0.3575478792190552,0.11804833263158798,58.17702865600586,58.580142974853516,58.95917892456055,59.11745071411133,2.8345611095428467
1307.80712890625,19.95976448059082,0.39213281869888306,35.28438949584961,95.58711242675781,135.94435119628906,47.38536071777344,4.662850379943848,2.1445226669311523,1.032314419746399,37.51451873779297,37.17074203491211,36.83442687988281,36.64273452758789,11.08715534210205
0.0,0.0,0.0,0.0,0.0,0.0,0.0,0.0,0.0,0.0,9.0,9.0,10.0,10.0,0.0
0.0,0.0,0.0,0.0,0.0,0.0,0.012529851170256734,0.0,0.0,0.0,21.0,22.0,22.0,23.0,0.0
2.2435942888259888,8.861138820648193,0.0,0.0,0.0,22.0,5.29899001121521,0.39713792502880096,0.0,0.0,42.0,43.0,43.0,42.0,0.03143151290714741
10.222256422042847,28.066814422607422,0.0,0.0,45.0,104.0,98.74254608154297,3.200233280658722,0.0,0.0,100.0,100.0,100.0,100.0,0.8714070320129395
36892.41796875,125.62027740478516,19.0,299.0,916.0,919.0,100.0,48.72239303588867,72.0,69.31999969482422,100.0,100.0,100.0,100.0,267.4447021484375
